datetime,count_predicted
05-06-2012 5:00,11
19-03-2011 19:00,244
02-04-2012 6:00,36
13-07-2012 20:00,307
09-11-2011 19:00,312
10-03-2012 0:00,30
19-05-2011 13:00,199
01-05-2011 8:00,308
07-07-2012 8:00,479
07-05-2011 16:00,431
09-04-2011 11:00,146
16-06-2011 04:00,9
13-07-2012 22:00,181
02-03-2012 14:00,177
18-05-2012 15:00,343
14-12-2011 22:00,123
17-02-2012 19:00,211
15-04-2012 18:00,480
06-10-2012 23:00,116
17-07-2012 00:00,47
13-09-2012 11:00,289
13-01-2012 07:00,88
11-08-2012 8:00,363
17-09-2011 08:00,315
04-11-2011 11:00,184
01-10-2011 11:00,103
03-03-2011 12:00,95
05-12-2012 19:00,279
18-06-2012 23:00,63
19-09-2012 18:00,497
08-11-2011 19:00,345
18-02-2011 13:00,246
07-11-2011 10:00,124
10-08-2011 14:00,273
02-05-2012 0:00,55
14-01-2011 14:00,88
17-07-2011 01:00,30
14-07-2011 15:00,306
04-03-2011 3:00,3
18-12-2012 15:00,228
14-12-2012 10:00,129
14-05-2011 03:00,9
19-03-2012 23:00,70
08-01-2011 5:00,6
13-08-2011 06:00,86
04-08-2011 2:00,13
03-02-2012 5:00,10
16-12-2012 21:00,130
04-01-2011 9:00,81
06-04-2011 1:00,14
09-03-2012 11:00,130
12-10-2012 20:00,262
14-06-2011 20:00,260
06-12-2012 2:00,12
03-12-2012 2:00,16
10-07-2011 17:00,582
09-01-2012 22:00,36
10-01-2012 17:00,268
07-08-2012 4:00,7
17-01-2011 04:00,2
03-05-2011 15:00,263
08-04-2012 7:00,124
04-07-2011 5:00,17
13-01-2011 14:00,80
18-08-2012 23:00,123
11-12-2012 0:00,25
11-03-2012 9:00,122
18-03-2012 08:00,191
06-12-2011 3:00,8
05-11-2011 14:00,256
10-10-2012 11:00,257
02-11-2011 20:00,216
18-07-2011 21:00,199
09-03-2011 15:00,119
10-12-2012 17:00,386
02-01-2011 20:00,103
01-10-2012 10:00,236
17-07-2012 14:00,242
07-03-2012 15:00,188
09-02-2011 22:00,29
16-01-2011 01:00,12
19-02-2012 12:00,122
09-02-2011 2:00,4
06-09-2011 9:00,171
11-06-2011 8:00,495
08-02-2011 2:00,5
15-08-2012 14:00,259
17-05-2011 12:00,130
03-04-2012 18:00,374
14-05-2011 07:00,102
06-01-2011 8:00,120
04-05-2011 22:00,119
14-08-2011 18:00,489
01-12-2012 18:00,394
11-01-2011 17:00,107
10-02-2011 17:00,149
08-02-2011 23:00,25
13-03-2011 04:00,4
18-06-2012 15:00,243
16-04-2012 18:00,468
05-09-2011 10:00,214
17-09-2012 05:00,18
05-12-2011 19:00,321
10-01-2011 1:00,7
08-05-2012 8:00,314
08-07-2011 16:00,163
06-09-2012 7:00,194
06-11-2012 17:00,379
05-03-2012 20:00,96
01-10-2011 13:00,179
17-04-2011 14:00,201
18-08-2012 11:00,276
03-09-2012 22:00,135
13-03-2011 08:00,236
12-05-2011 8:00,311
10-10-2011 11:00,262
11-04-2012 10:00,117
15-05-2011 09:00,226
06-10-2011 17:00,636
12-06-2011 7:00,199
15-04-2011 20:00,139
05-04-2012 14:00,186
13-04-2012 14:00,196
10-05-2012 8:00,321
02-02-2011 15:00,105
09-03-2011 9:00,88
19-05-2012 20:00,335
11-07-2012 18:00,505
18-04-2012 02:00,15
19-09-2012 13:00,298
04-11-2012 20:00,183
15-12-2012 11:00,216
08-04-2012 3:00,7
11-09-2011 0:00,51
16-12-2012 11:00,153
03-03-2012 15:00,193
03-11-2011 12:00,318
15-01-2012 01:00,8
07-10-2011 1:00,27
07-11-2011 0:00,40
04-03-2011 18:00,277
14-03-2012 12:00,193
11-05-2012 4:00,8
16-12-2012 07:00,138
01-03-2011 11:00,101
12-01-2012 5:00,5
13-08-2011 21:00,148
19-11-2012 01:00,23
09-09-2012 12:00,323
06-09-2011 16:00,112
17-08-2012 14:00,349
16-08-2011 07:00,190
01-04-2011 6:00,18
03-06-2012 17:00,607
09-01-2012 17:00,106
18-10-2012 04:00,6
02-06-2012 21:00,234
02-12-2011 17:00,522
02-08-2012 14:00,281
03-12-2011 5:00,16
12-10-2012 19:00,350
02-05-2012 17:00,483
07-11-2012 14:00,164
05-04-2012 3:00,8
03-06-2012 12:00,323
01-04-2011 3:00,3
04-01-2011 5:00,5
06-04-2012 3:00,7
09-07-2012 18:00,503
17-08-2012 22:00,103
17-11-2012 14:00,251
19-03-2012 21:00,157
05-01-2012 15:00,137
17-02-2011 03:00,6
13-04-2011 04:00,1
18-11-2011 04:00,5
12-09-2011 6:00,72
13-12-2011 08:00,207
06-01-2011 21:00,67
11-11-2011 18:00,393
08-03-2012 16:00,248
05-09-2012 18:00,462
09-03-2011 9:00,83
02-06-2011 9:00,328
19-03-2012 14:00,202
10-11-2012 2:00,15
18-12-2012 21:00,168
02-05-2011 4:00,6
08-05-2011 4:00,7
17-08-2012 01:00,37
14-11-2011 23:00,114
15-11-2011 05:00,22
09-01-2012 23:00,29
10-11-2012 5:00,15
03-12-2011 14:00,233
08-03-2011 14:00,98
08-09-2012 15:00,145
13-08-2012 09:00,277
04-05-2011 6:00,20
17-03-2011 21:00,127
01-04-2012 2:00,11
15-03-2012 17:00,495
05-05-2012 10:00,273
11-10-2012 14:00,259
14-06-2012 05:00,25
01-08-2011 5:00,19
03-08-2011 3:00,12
09-06-2011 6:00,72
08-08-2011 17:00,563
16-04-2011 22:00,58
13-01-2011 05:00,6
07-04-2012 20:00,196
06-08-2012 1:00,28
08-07-2012 0:00,65
04-11-2011 12:00,260
08-04-2011 13:00,112
13-02-2011 17:00,296
01-08-2011 7:00,218
10-06-2011 1:00,24
11-03-2011 9:00,133
12-06-2012 18:00,369
15-05-2011 15:00,279
01-10-2011 12:00,216
08-01-2011 23:00,24
12-06-2012 0:00,62
07-04-2012 16:00,287
01-05-2012 8:00,211
14-09-2012 08:00,387
01-05-2011 17:00,370
04-11-2012 23:00,78
13-01-2012 09:00,102
06-01-2012 21:00,115
15-07-2011 21:00,233
13-05-2011 03:00,9
11-12-2012 23:00,76
09-06-2012 16:00,398
16-02-2012 22:00,75
10-12-2011 16:00,237
10-07-2012 16:00,367
02-10-2011 3:00,4
04-08-2011 3:00,5
11-07-2011 15:00,281
12-04-2012 20:00,176
05-01-2012 3:00,3
10-02-2011 20:00,67
13-06-2012 13:00,292
03-12-2011 6:00,57
19-11-2011 07:00,141
07-03-2011 6:00,22
17-04-2012 08:00,354
13-10-2012 17:00,541
11-05-2012 4:00,8
12-02-2011 7:00,60
09-04-2012 5:00,15
10-12-2011 9:00,205
06-12-2011 21:00,102
18-12-2012 00:00,36
05-06-2011 5:00,25
17-09-2011 11:00,233
12-12-2012 5:00,15
10-12-2011 20:00,168
13-04-2012 10:00,169
19-10-2011 02:00,17
19-02-2011 00:00,35
07-03-2012 4:00,3
14-10-2011 16:00,461
17-01-2012 21:00,85
13-08-2012 02:00,19
19-02-2011 06:00,42
03-08-2011 6:00,47
15-04-2012 08:00,340
08-02-2011 3:00,2
16-01-2011 10:00,71
12-12-2012 21:00,136
02-08-2012 9:00,303
17-12-2012 05:00,17
01-09-2011 2:00,20
19-04-2012 00:00,28
19-02-2011 18:00,246
05-04-2011 16:00,190
08-06-2011 18:00,527
18-10-2011 18:00,484
19-02-2012 23:00,29
09-01-2011 10:00,53
16-02-2011 01:00,10
13-12-2012 00:00,42
01-06-2012 16:00,267
18-03-2011 07:00,136
16-12-2012 04:00,6
05-05-2012 0:00,61
16-08-2012 19:00,396
06-08-2011 16:00,229
02-04-2012 6:00,36
13-01-2012 19:00,141
08-05-2011 19:00,379
08-08-2011 15:00,299
04-11-2011 4:00,6
01-08-2012 22:00,154
16-02-2012 06:00,38
16-01-2012 04:00,1
01-07-2012 3:00,10
18-06-2011 23:00,128
13-10-2011 06:00,38
02-01-2011 0:00,22
05-08-2011 0:00,62
03-10-2012 15:00,308
18-09-2012 09:00,150
09-10-2012 19:00,309
04-10-2012 9:00,230
10-08-2011 16:00,365
07-05-2012 5:00,16
04-02-2012 5:00,9
08-04-2012 4:00,6
02-07-2012 13:00,290
06-12-2011 16:00,122
03-10-2011 20:00,136
01-03-2012 22:00,96
10-05-2012 10:00,214
02-09-2011 20:00,292
01-09-2011 11:00,295
05-02-2012 6:00,31
07-06-2011 21:00,196
05-11-2011 22:00,132
07-04-2011 14:00,227
17-05-2012 02:00,20
07-02-2012 14:00,147
09-02-2012 0:00,19
12-02-2011 9:00,99
02-06-2011 23:00,122
09-11-2011 14:00,270
12-09-2012 10:00,231
12-03-2012 6:00,44
10-05-2012 3:00,7
19-01-2012 00:00,16
10-06-2012 22:00,174
04-11-2011 20:00,229
04-01-2012 13:00,67
02-09-2011 5:00,22
19-02-2011 16:00,180
03-05-2012 18:00,582
15-12-2012 23:00,101
01-05-2012 10:00,182
05-06-2012 20:00,250
01-01-2011 12:00,136
14-06-2012 02:00,21
01-07-2012 23:00,83
11-06-2012 22:00,172
16-05-2012 18:00,559
13-03-2011 00:00,36
12-06-2012 0:00,61
09-03-2012 14:00,149
07-10-2011 0:00,51
05-10-2011 21:00,182
11-02-2011 5:00,6
13-10-2012 00:00,56
07-11-2012 18:00,298
02-01-2012 19:00,120
03-12-2012 7:00,128
05-08-2012 17:00,612
14-03-2012 20:00,202
06-12-2011 1:00,18
05-11-2011 16:00,334
09-07-2012 11:00,235
03-03-2011 18:00,188
08-05-2011 14:00,283
04-09-2011 13:00,307
05-06-2012 17:00,515
07-11-2011 18:00,469
02-03-2012 0:00,36
02-10-2011 20:00,171
13-03-2012 07:00,97
12-06-2011 18:00,462
13-04-2012 17:00,450
14-07-2011 02:00,21
11-12-2011 11:00,141
04-04-2011 12:00,254
16-03-2012 07:00,101
16-05-2012 17:00,627
05-04-2012 11:00,162
11-11-2012 0:00,42
02-09-2011 3:00,10
02-05-2012 13:00,220
08-06-2012 16:00,433
11-11-2012 2:00,12
15-02-2012 12:00,141
14-04-2012 04:00,6
13-09-2011 23:00,100
01-03-2011 12:00,127
17-05-2011 03:00,4
19-09-2011 10:00,211
15-05-2011 02:00,11
02-11-2012 14:00,203
06-03-2012 20:00,125
08-08-2012 14:00,262
06-03-2012 17:00,267
11-01-2011 9:00,78
01-11-2011 8:00,277
19-11-2012 03:00,8
14-03-2012 06:00,44
02-02-2012 20:00,124
03-11-2011 0:00,48
09-03-2011 4:00,3
09-04-2011 3:00,2
14-08-2012 06:00,41
15-11-2012 00:00,40
13-12-2012 01:00,21
03-09-2012 2:00,16
01-11-2011 2:00,13
01-04-2011 5:00,5
01-01-2012 21:00,102
16-05-2012 15:00,302
15-07-2011 05:00,23
02-12-2011 5:00,16
02-02-2012 12:00,158
11-08-2011 4:00,10
11-10-2012 19:00,356
06-06-2011 2:00,15
13-11-2011 01:00,24
08-06-2011 12:00,308
03-07-2012 11:00,237
17-01-2011 15:00,80
16-04-2011 10:00,55
15-04-2011 09:00,248
07-05-2011 9:00,326
10-12-2012 2:00,12
09-09-2011 22:00,135
01-06-2012 9:00,237
18-05-2012 11:00,287
05-12-2011 18:00,438
09-04-2011 19:00,206
05-08-2011 12:00,343
14-08-2012 13:00,282
15-06-2011 22:00,171
08-07-2011 4:00,8
15-10-2012 05:00,21
14-01-2012 06:00,25
08-02-2012 23:00,32
13-07-2012 15:00,292
17-10-2012 07:00,147
02-07-2012 3:00,11
17-11-2012 08:00,270
18-11-2011 08:00,247
14-10-2012 02:00,16
14-01-2011 07:00,51
15-12-2012 10:00,183
18-12-2011 01:00,17
16-02-2011 05:00,8
04-08-2011 8:00,290
19-07-2011 19:00,309
08-11-2012 0:00,28
13-10-2012 18:00,501
04-05-2012 0:00,58
16-06-2011 17:00,484
11-10-2011 17:00,452
12-10-2012 3:00,10
19-11-2011 17:00,513
07-02-2011 5:00,6
05-05-2012 15:00,201
19-05-2012 07:00,216
11-04-2012 6:00,42
09-03-2012 17:00,348
09-11-2012 21:00,168
05-06-2011 17:00,577
15-03-2012 18:00,435
07-07-2012 4:00,9
03-05-2012 8:00,186
11-09-2012 22:00,159
03-01-2011 16:00,117
12-03-2012 2:00,12
14-05-2011 23:00,46
11-05-2011 13:00,302
08-10-2011 13:00,374
13-09-2011 19:00,359
11-05-2011 18:00,522
12-11-2011 11:00,214
17-02-2012 07:00,76
12-08-2012 10:00,240
19-09-2011 00:00,52
16-12-2011 23:00,87
09-08-2012 18:00,541
17-08-2011 19:00,377
02-11-2011 4:00,5
01-11-2011 7:00,140
13-08-2011 06:00,87
02-12-2012 13:00,221
01-10-2011 0:00,60
09-09-2012 23:00,117
02-04-2011 20:00,166
19-06-2011 07:00,189
16-07-2011 15:00,330
15-10-2012 03:00,11
16-08-2011 17:00,569
18-11-2011 22:00,118
15-08-2012 19:00,362
05-01-2012 9:00,98
06-06-2011 9:00,308
07-07-2011 15:00,309
16-07-2011 07:00,216
04-11-2012 0:00,44
02-08-2012 6:00,73
01-01-2012 8:00,127
09-11-2012 5:00,18
04-09-2011 1:00,28
17-01-2012 02:00,4
18-11-2012 02:00,12
03-05-2011 12:00,258
02-03-2012 18:00,147
11-09-2012 3:00,10
06-06-2011 19:00,397
06-08-2012 6:00,66
04-04-2012 11:00,202
19-03-2011 00:00,53
01-04-2012 3:00,5
19-04-2011 01:00,21
16-02-2011 15:00,153
16-07-2012 22:00,166
14-02-2012 04:00,3
13-12-2012 03:00,7
19-09-2011 22:00,153
05-12-2011 7:00,135
04-02-2012 18:00,147
09-02-2011 23:00,19
06-06-2011 6:00,64
12-04-2012 22:00,113
17-07-2011 19:00,387
13-03-2012 16:00,298
16-06-2012 18:00,570
16-04-2011 13:00,63
16-11-2012 21:00,176
14-12-2012 03:00,7
09-06-2012 13:00,325
06-06-2011 15:00,286
02-04-2012 21:00,135
14-01-2011 20:00,88
15-01-2012 03:00,2
03-09-2012 8:00,336
04-08-2011 9:00,254
10-07-2012 0:00,55
12-08-2011 10:00,243
02-02-2011 15:00,111
08-04-2012 6:00,48
02-05-2011 23:00,89
15-06-2012 01:00,29
15-09-2011 03:00,12
08-12-2012 2:00,13
06-11-2011 14:00,254
11-10-2012 23:00,107
12-06-2012 17:00,329
01-03-2011 20:00,121
11-02-2012 9:00,60
03-12-2011 15:00,260
11-10-2012 9:00,238
01-03-2011 10:00,83
06-10-2011 11:00,271
16-04-2012 10:00,173
11-06-2012 15:00,311
05-03-2012 11:00,100
08-07-2012 5:00,25
13-05-2011 00:00,51
13-08-2011 01:00,36
09-06-2011 7:00,199
07-11-2011 20:00,225
19-03-2011 09:00,180
14-11-2011 13:00,316
11-12-2011 8:00,201
18-11-2012 20:00,205
13-02-2012 11:00,83
18-04-2012 18:00,293
08-08-2011 6:00,79
03-07-2011 10:00,220
18-08-2012 06:00,71
13-03-2012 02:00,8
07-08-2012 18:00,458
07-02-2011 22:00,63
05-06-2012 22:00,158
12-06-2011 11:00,273
13-01-2012 11:00,73
08-07-2012 22:00,106
17-09-2011 23:00,90
05-02-2012 4:00,2
01-05-2011 19:00,266
06-10-2012 14:00,289
04-09-2012 16:00,314
07-11-2012 1:00,19
16-04-2011 14:00,76
17-07-2012 17:00,421
16-10-2012 21:00,199
09-05-2011 15:00,305
05-09-2011 9:00,192
06-10-2012 12:00,399
14-05-2012 07:00,91
07-08-2012 12:00,280
08-06-2012 23:00,132
07-09-2011 21:00,107
09-06-2012 13:00,334
15-06-2012 23:00,127
18-08-2012 19:00,433
15-12-2012 08:00,266
04-01-2012 14:00,61
01-04-2012 7:00,126
05-12-2011 8:00,239
12-01-2011 8:00,111
04-02-2012 19:00,91
12-03-2011 2:00,10
02-09-2011 5:00,22
06-12-2011 22:00,61
08-08-2011 21:00,214
09-02-2011 20:00,41
05-09-2012 3:00,10
15-11-2012 22:00,119
09-05-2012 4:00,3
01-03-2011 6:00,27
08-02-2011 10:00,61
09-02-2011 0:00,13
07-05-2011 10:00,260
01-11-2012 8:00,336
19-03-2011 09:00,174
06-02-2011 15:00,142
16-02-2011 07:00,75
06-10-2011 9:00,278
14-08-2012 21:00,200
16-02-2011 12:00,135
07-05-2011 6:00,71
05-08-2012 15:00,306
18-07-2012 12:00,294
15-04-2012 23:00,105
09-08-2011 17:00,558
09-06-2012 15:00,315
11-04-2012 18:00,190
09-09-2012 3:00,11
10-09-2012 12:00,318
15-09-2012 00:00,58
15-11-2011 01:00,32
18-02-2011 11:00,151
04-07-2011 2:00,16
02-07-2011 2:00,23
16-06-2011 01:00,34
02-11-2011 2:00,12
03-12-2012 5:00,14
12-12-2011 0:00,32
04-08-2012 4:00,9
02-07-2012 2:00,21
06-05-2012 23:00,95
03-05-2012 10:00,200
05-03-2012 6:00,25
17-01-2011 20:00,42
19-05-2011 15:00,248
01-05-2011 13:00,254
05-03-2011 0:00,25
18-01-2012 18:00,148
09-03-2011 20:00,95
07-02-2012 18:00,268
15-08-2012 01:00,31
17-06-2012 13:00,308
09-04-2012 16:00,284
15-09-2012 05:00,23
10-05-2011 14:00,235
13-06-2012 08:00,265
17-01-2012 15:00,111
07-06-2011 13:00,298
16-04-2011 04:00,4
11-09-2012 15:00,270
02-04-2012 20:00,179
09-07-2011 17:00,527
19-07-2011 09:00,275
13-06-2012 02:00,16
04-10-2011 8:00,297
09-05-2011 13:00,312
14-11-2012 13:00,218
04-09-2011 3:00,9
19-08-2012 08:00,378
10-03-2012 12:00,141
07-10-2011 6:00,69
19-12-2011 10:00,128
14-06-2011 21:00,196
12-01-2012 12:00,116
06-04-2011 22:00,117
19-05-2012 00:00,69
03-07-2012 3:00,11
14-03-2011 19:00,197
13-07-2012 13:00,310
14-03-2011 14:00,125
15-02-2012 09:00,123
02-11-2012 13:00,252
08-02-2012 22:00,49
01-05-2011 18:00,362
19-12-2011 20:00,227
14-03-2011 09:00,134
18-12-2011 03:00,5
18-05-2012 00:00,68
01-07-2011 16:00,284
06-03-2012 6:00,27
17-12-2012 22:00,99
17-03-2012 21:00,161
10-10-2011 19:00,334
15-09-2012 04:00,9
08-02-2012 3:00,4
06-01-2012 15:00,176
19-04-2012 08:00,239
12-07-2012 4:00,9
19-04-2012 00:00,27
02-04-2012 16:00,265
16-02-2012 17:00,157
19-08-2012 15:00,262
02-05-2012 23:00,82
07-03-2012 14:00,159
17-02-2011 18:00,355
01-05-2011 16:00,299
11-02-2012 5:00,4
13-07-2012 06:00,91
09-02-2011 14:00,79
19-08-2012 02:00,19
14-08-2012 07:00,168
15-01-2011 00:00,18
02-07-2011 0:00,71
04-04-2011 2:00,11
18-01-2012 08:00,144
15-11-2012 23:00,83
13-07-2012 23:00,126
17-07-2012 08:00,381
08-10-2012 21:00,139
19-05-2012 02:00,23
11-01-2012 22:00,36
18-03-2011 10:00,174
19-09-2011 08:00,330
02-05-2012 20:00,204
10-07-2011 0:00,63
06-04-2012 11:00,166
13-10-2012 16:00,379
01-06-2011 19:00,306
02-11-2011 0:00,38
17-12-2011 15:00,201
04-07-2011 21:00,191
03-11-2012 1:00,25
06-12-2012 9:00,185
13-10-2012 10:00,206
18-02-2011 21:00,156
08-04-2012 21:00,165
16-10-2012 00:00,48
13-10-2011 09:00,131
04-10-2012 11:00,273
09-12-2012 10:00,128
18-08-2012 13:00,338
13-02-2011 04:00,2
03-08-2011 12:00,204
08-02-2012 9:00,100
08-08-2012 17:00,549
15-10-2011 06:00,80
04-06-2011 7:00,241
07-06-2011 5:00,16
04-07-2011 10:00,215
06-01-2012 0:00,21
19-11-2011 03:00,7
08-04-2011 9:00,174
07-10-2012 6:00,77
07-05-2012 2:00,16
03-06-2012 20:00,291
02-02-2011 21:00,71
17-05-2012 22:00,180
14-03-2012 22:00,119
02-09-2011 11:00,255
17-10-2011 08:00,382
17-09-2011 18:00,445
06-12-2012 11:00,164
17-04-2012 20:00,205
05-06-2012 4:00,4
06-01-2011 16:00,132
15-09-2012 02:00,21
12-01-2012 1:00,6
14-11-2011 12:00,312
13-09-2012 21:00,234
12-02-2012 2:00,3
17-09-2012 15:00,267
10-05-2011 8:00,370
11-10-2011 7:00,162
01-12-2012 8:00,216
16-07-2012 06:00,70
16-01-2012 14:00,80
12-11-2012 11:00,228
17-12-2011 14:00,180
16-06-2011 10:00,228
02-09-2011 23:00,117
05-08-2012 11:00,256
15-02-2012 06:00,38
05-07-2012 22:00,185
02-06-2011 11:00,282
16-12-2011 21:00,165
04-10-2011 13:00,287
09-02-2011 13:00,86
02-01-2011 12:00,122
19-03-2011 01:00,27
06-11-2012 16:00,261
04-05-2012 10:00,231
05-09-2011 17:00,400
10-06-2011 12:00,350
12-11-2012 23:00,96
05-03-2012 19:00,152
04-05-2011 3:00,2
09-08-2011 12:00,297
07-06-2011 6:00,69
08-05-2012 3:00,9
19-10-2012 20:00,256
09-11-2011 9:00,169
19-03-2012 03:00,6
01-11-2012 6:00,67
08-07-2011 14:00,269
07-08-2012 13:00,282
05-12-2012 13:00,267
09-02-2012 21:00,101
02-05-2011 15:00,299
05-08-2012 4:00,8
18-12-2012 15:00,239
15-04-2011 14:00,232
19-02-2012 14:00,121
18-07-2012 09:00,284
11-07-2012 20:00,271
19-11-2012 02:00,15
01-01-2012 2:00,8
09-04-2011 4:00,1
01-03-2012 15:00,222
16-05-2012 05:00,16
06-12-2011 14:00,90
14-02-2011 05:00,11
11-05-2011 7:00,179
13-12-2011 22:00,114
10-02-2011 23:00,31
01-09-2012 12:00,367
18-12-2011 14:00,180
19-12-2011 11:00,144
14-06-2012 03:00,13
03-07-2011 6:00,53
03-02-2011 9:00,90
19-06-2011 22:00,143
10-12-2012 17:00,403
09-08-2012 14:00,277
13-08-2012 13:00,298
12-03-2011 19:00,256
19-09-2011 18:00,448
12-09-2012 11:00,270
14-10-2012 22:00,142
10-03-2012 20:00,134
17-02-2011 20:00,169
08-07-2012 16:00,351
11-07-2012 1:00,23
15-05-2012 14:00,230
09-07-2012 19:00,377
17-11-2011 09:00,206
13-03-2012 03:00,4
19-10-2012 02:00,19
07-02-2011 9:00,100
15-07-2012 17:00,522
04-07-2011 21:00,196
18-08-2012 10:00,261
15-03-2011 23:00,39
08-11-2011 8:00,208
01-01-2011 18:00,130
19-01-2012 02:00,5
14-07-2011 22:00,175
02-08-2012 18:00,537
06-06-2011 11:00,264
02-05-2011 4:00,7
01-02-2011 10:00,51
02-07-2011 1:00,36
08-12-2011 19:00,250
17-09-2011 22:00,154
11-05-2011 17:00,601
07-12-2011 4:00,3
16-12-2011 01:00,33
10-06-2011 2:00,23
04-12-2011 14:00,240
19-04-2012 04:00,6
11-10-2012 17:00,586
15-04-2011 22:00,70
10-06-2012 0:00,62
01-08-2011 20:00,266
03-02-2012 20:00,150
11-07-2011 12:00,310
16-08-2011 20:00,255
02-04-2011 4:00,4
09-01-2012 13:00,103
18-04-2012 15:00,105
13-03-2011 07:00,120
11-10-2011 5:00,19
04-08-2011 18:00,429
03-10-2011 22:00,122
17-02-2012 04:00,2
06-11-2011 17:00,510
12-08-2011 22:00,187
10-09-2011 20:00,306
02-12-2012 1:00,18
09-08-2012 12:00,315
10-10-2012 7:00,172
18-11-2011 03:00,7
11-12-2012 14:00,199
07-02-2012 17:00,308
09-08-2012 4:00,6
11-07-2011 0:00,59
07-08-2012 11:00,222
02-01-2012 18:00,163
18-01-2012 03:00,5
08-09-2011 10:00,156
14-07-2012 20:00,237
12-01-2012 10:00,91
05-09-2011 19:00,171
07-11-2011 9:00,131
06-12-2011 1:00,18
06-06-2012 22:00,133
12-03-2011 14:00,146
17-08-2012 00:00,77
01-07-2012 1:00,31
09-01-2012 22:00,38
01-02-2011 23:00,18
14-03-2012 13:00,218
11-05-2012 18:00,558
11-11-2012 7:00,124
15-11-2011 07:00,209
04-07-2011 15:00,273
12-09-2012 19:00,401
09-12-2011 5:00,14
18-10-2011 09:00,248
02-07-2011 23:00,131
04-01-2011 21:00,67
05-09-2011 18:00,382
03-07-2011 23:00,92
13-04-2011 05:00,5
15-01-2011 12:00,114
13-09-2011 07:00,177
19-10-2012 04:00,9
18-11-2012 11:00,188
07-01-2011 8:00,137
17-07-2012 19:00,366
12-12-2012 12:00,198
15-11-2012 19:00,285
19-12-2011 16:00,301
12-12-2011 20:00,200
05-06-2011 13:00,293
02-09-2012 15:00,190
12-06-2011 12:00,307
02-09-2012 7:00,160
17-08-2011 06:00,71
19-08-2011 04:00,8
03-01-2012 19:00,69
07-09-2011 8:00,191
16-09-2011 21:00,210
01-01-2012 4:00,3
06-09-2012 1:00,29
15-02-2011 12:00,102
03-11-2012 16:00,295
14-02-2012 19:00,181
19-04-2011 06:00,59
01-12-2012 13:00,229
03-04-2012 3:00,7
17-06-2012 19:00,397
12-01-2011 14:00,73
14-12-2012 01:00,20
10-08-2011 0:00,65
16-11-2012 08:00,307
10-01-2012 22:00,64
01-04-2011 17:00,338
14-06-2012 20:00,272
06-01-2012 17:00,335
18-05-2011 22:00,136
02-03-2012 19:00,110
12-12-2011 15:00,199
11-05-2012 6:00,76
07-07-2012 5:00,24
06-03-2011 1:00,14
01-02-2011 15:00,97
06-04-2012 10:00,141
05-09-2012 16:00,352
07-12-2011 22:00,32
01-11-2011 0:00,35
16-11-2012 08:00,322
14-11-2011 07:00,176
14-09-2011 10:00,222
09-11-2011 7:00,129
02-12-2011 22:00,127
06-02-2011 7:00,87
10-09-2012 1:00,31
05-09-2011 0:00,56
07-07-2011 8:00,339
01-12-2011 5:00,16
08-02-2012 7:00,80
01-09-2012 5:00,26
09-11-2012 22:00,145
19-04-2011 14:00,188
09-04-2011 15:00,152
08-01-2012 13:00,147
13-10-2011 21:00,189
18-10-2011 07:00,155
17-03-2011 05:00,11
01-12-2011 9:00,204
09-02-2011 13:00,91
01-11-2011 13:00,271
19-02-2012 06:00,32
04-04-2011 20:00,232
09-07-2011 8:00,411
06-07-2012 1:00,38
08-09-2012 9:00,279
18-01-2012 14:00,95
10-01-2012 2:00,4
15-06-2011 10:00,232
07-09-2012 6:00,73
10-09-2011 10:00,260
17-12-2011 20:00,153
15-11-2011 20:00,200
08-03-2012 11:00,152
04-09-2011 6:00,68
16-10-2012 15:00,278
01-07-2011 1:00,35
03-11-2012 12:00,224
15-04-2012 17:00,539
09-10-2012 11:00,203
04-03-2012 18:00,194
01-12-2012 3:00,7
06-10-2011 17:00,636
19-03-2012 04:00,4
19-11-2011 12:00,291
14-08-2012 18:00,465
02-02-2012 23:00,56
13-06-2012 20:00,281
19-11-2012 16:00,304
16-10-2011 12:00,329
09-03-2012 8:00,196
01-07-2011 18:00,532
07-08-2012 5:00,20
14-06-2011 17:00,376
16-02-2011 12:00,141
17-09-2012 17:00,537
19-08-2011 19:00,194
16-10-2012 19:00,343
03-12-2012 4:00,5
08-09-2011 20:00,179
02-04-2012 20:00,161
18-10-2012 22:00,138
18-05-2011 16:00,327
13-06-2011 20:00,282
10-10-2011 5:00,17
06-12-2011 0:00,47
15-10-2011 03:00,12
12-08-2012 22:00,176
05-11-2012 9:00,186
04-08-2011 11:00,240
16-05-2012 10:00,236
14-04-2012 11:00,221
13-07-2012 23:00,126
04-10-2012 10:00,205
07-10-2012 18:00,226
16-03-2011 13:00,140
17-08-2011 18:00,500
18-06-2011 04:00,8
01-06-2012 20:00,117
05-08-2011 6:00,79
16-10-2011 02:00,19
03-09-2012 17:00,553
18-10-2011 16:00,391
13-07-2011 13:00,203
11-01-2012 5:00,6
06-12-2011 4:00,4
10-02-2011 16:00,111
19-07-2011 04:00,8
04-02-2011 8:00,125
14-04-2012 01:00,23
16-03-2011 11:00,106
06-08-2011 19:00,214
05-12-2012 9:00,260
03-05-2011 0:00,44
13-12-2012 21:00,146
03-04-2011 20:00,123
19-12-2012 17:00,425
13-07-2011 04:00,9
10-01-2011 9:00,71
19-05-2012 04:00,10
09-11-2011 6:00,49
12-10-2012 16:00,357
05-03-2011 4:00,3
05-03-2011 2:00,7
09-02-2011 11:00,64
05-03-2012 9:00,116
03-02-2012 0:00,30
08-08-2011 23:00,112
14-04-2012 15:00,263
07-01-2012 17:00,383
06-03-2011 6:00,26
04-08-2012 21:00,239
07-07-2011 16:00,393
10-07-2012 10:00,213
13-04-2011 12:00,98
04-03-2011 14:00,150
15-10-2012 19:00,206
10-07-2011 2:00,20
08-03-2011 13:00,124
10-04-2012 11:00,168
06-09-2011 17:00,287
09-01-2011 9:00,58
15-08-2011 14:00,264
01-03-2011 8:00,121
11-01-2011 19:00,53
18-09-2011 00:00,46
08-11-2011 12:00,301
03-10-2011 9:00,234
06-12-2011 13:00,100
18-02-2011 04:00,6
13-10-2011 14:00,259
17-09-2012 02:00,19
15-04-2012 11:00,226
02-03-2011 8:00,149
15-10-2011 10:00,248
04-08-2012 5:00,20
06-09-2011 15:00,88
12-03-2012 9:00,163
11-06-2012 14:00,284
19-10-2011 00:00,51
08-11-2012 19:00,273
01-07-2011 5:00,26
17-11-2012 10:00,197
16-05-2011 02:00,12
10-08-2012 12:00,288
19-06-2012 18:00,515
05-09-2011 3:00,10
14-12-2011 04:00,5
02-08-2012 8:00,396
05-03-2012 10:00,90
04-01-2012 18:00,134
17-07-2012 11:00,218
05-08-2011 10:00,251
12-12-2011 16:00,260
16-01-2012 06:00,18
03-02-2012 23:00,50
03-05-2011 2:00,16
04-06-2011 21:00,241
19-10-2011 18:00,195
16-08-2012 10:00,241
01-01-2011 14:00,133
14-12-2011 03:00,8
17-01-2012 18:00,213
19-11-2012 20:00,196
19-10-2011 16:00,163
16-04-2012 00:00,55
06-06-2012 12:00,276
11-11-2011 13:00,206
11-03-2011 5:00,10
10-04-2011 7:00,84
08-08-2012 21:00,201
05-03-2011 18:00,329
05-11-2011 6:00,57
16-07-2011 20:00,313
13-12-2012 00:00,42
04-01-2012 9:00,50
18-08-2011 11:00,266
15-11-2012 22:00,124
13-11-2012 14:00,185
09-12-2011 21:00,159
06-04-2012 3:00,7
10-08-2012 16:00,417
17-09-2011 04:00,8
16-11-2011 21:00,83
12-06-2011 19:00,354
01-12-2011 7:00,121
16-07-2011 09:00,336
04-09-2011 23:00,115
19-08-2011 12:00,315
15-10-2012 23:00,102
05-07-2012 17:00,570
15-08-2011 09:00,203
14-01-2011 22:00,49
15-12-2012 16:00,356
01-04-2011 4:00,2
14-08-2012 02:00,15
11-04-2012 1:00,17
11-06-2012 8:00,377
14-03-2011 07:00,102
17-06-2012 22:00,170
16-09-2011 02:00,14
08-08-2011 19:00,376
19-05-2012 21:00,256
18-05-2012 12:00,360
06-08-2012 22:00,158
19-09-2012 17:00,570
18-04-2012 07:00,162
18-02-2012 00:00,34
14-02-2011 19:00,167
17-08-2012 15:00,371
11-03-2011 16:00,194
17-05-2011 22:00,100
13-04-2011 06:00,21
17-10-2011 10:00,232
09-07-2012 10:00,159
10-10-2012 20:00,247
05-08-2012 22:00,148
18-06-2011 22:00,190
09-06-2012 11:00,262
09-03-2011 12:00,113
12-04-2012 19:00,245
10-10-2011 20:00,274
19-03-2011 13:00,204
11-09-2011 15:00,325
13-06-2012 15:00,294
08-03-2012 20:00,209
12-01-2011 23:00,24
13-12-2011 03:00,5
05-08-2011 10:00,258
08-05-2011 23:00,80
08-12-2011 4:00,4
13-07-2012 17:00,600
09-10-2011 7:00,175
17-10-2012 00:00,47
05-07-2012 11:00,272
07-09-2011 11:00,117
10-02-2011 1:00,5
04-05-2012 16:00,465
19-09-2011 23:00,97
16-12-2011 10:00,185
14-06-2011 07:00,192
06-11-2011 9:00,186
18-01-2012 17:00,173
09-12-2012 19:00,153
15-11-2011 18:00,388
01-10-2011 12:00,200
10-06-2011 20:00,303
01-08-2011 9:00,277
08-07-2012 6:00,84
08-10-2012 18:00,361
14-06-2011 23:00,96
01-06-2011 0:00,53
02-08-2012 20:00,276
08-08-2011 9:00,294
07-06-2012 12:00,313
08-09-2012 22:00,143
16-12-2011 15:00,217
09-10-2011 8:00,324
19-08-2012 11:00,140
13-04-2011 17:00,324
11-03-2012 13:00,170
18-09-2012 02:00,8
05-11-2012 11:00,184
17-05-2011 15:00,221
11-06-2011 10:00,272
18-06-2012 17:00,462
13-06-2012 07:00,152
04-05-2011 18:00,355
14-07-2012 22:00,149
07-08-2012 9:00,243
03-12-2012 20:00,233
17-07-2011 09:00,302
05-01-2012 10:00,80
01-09-2011 1:00,33
03-08-2011 2:00,21
02-05-2012 7:00,147
07-02-2011 13:00,147
10-02-2012 5:00,10
06-07-2012 2:00,23
17-04-2012 17:00,452
06-10-2011 6:00,71
01-07-2012 14:00,270
04-09-2012 23:00,101
15-02-2012 15:00,156
07-09-2012 0:00,52
13-07-2011 10:00,232
10-06-2011 21:00,238
19-01-2012 19:00,129
08-05-2011 16:00,399
19-12-2011 18:00,396
13-08-2011 19:00,306
10-05-2011 22:00,160
14-08-2012 16:00,371
04-09-2012 6:00,63
01-08-2011 21:00,187
03-12-2012 0:00,44
18-10-2011 14:00,281
19-09-2012 21:00,190
10-01-2012 13:00,138
17-12-2012 23:00,43
19-01-2012 22:00,56
15-04-2011 21:00,112
14-11-2012 18:00,348
19-08-2012 06:00,78
19-05-2012 16:00,425
05-03-2012 5:00,8
18-01-2011 13:00,61
01-02-2012 6:00,32
03-12-2012 16:00,430
16-06-2012 11:00,290
12-02-2012 15:00,61
06-09-2012 6:00,75
03-08-2012 5:00,21
06-07-2012 15:00,292
07-11-2011 8:00,177
04-06-2012 14:00,250
18-11-2012 08:00,278
02-10-2012 18:00,238
15-07-2011 20:00,307
07-09-2012 17:00,672
01-11-2011 21:00,145
03-09-2012 13:00,285
12-03-2012 1:00,18
17-10-2012 13:00,291
15-07-2011 00:00,58
09-04-2012 22:00,104
10-06-2011 7:00,252
15-02-2012 20:00,138
15-10-2012 20:00,203
08-08-2011 16:00,385
03-09-2012 1:00,23
01-12-2012 15:00,269
08-08-2011 7:00,217
06-10-2012 7:00,185
17-02-2011 04:00,4
07-11-2012 6:00,48
09-06-2011 6:00,68
07-12-2012 17:00,503
18-08-2011 00:00,65
18-09-2011 02:00,13
19-04-2011 15:00,201
03-10-2012 6:00,58
07-01-2011 14:00,86
11-08-2011 14:00,234
10-09-2012 10:00,237
04-02-2011 19:00,153
10-12-2012 21:00,124
02-07-2011 3:00,13
18-05-2012 21:00,237
02-07-2011 16:00,370
16-06-2012 07:00,217
05-02-2011 19:00,83
02-11-2012 8:00,336
19-07-2012 15:00,293
11-07-2012 13:00,280
09-01-2012 22:00,37
02-02-2012 0:00,42
11-04-2012 9:00,145
19-04-2012 03:00,8
06-04-2012 20:00,189
07-03-2011 4:00,1
06-03-2011 6:00,24
15-02-2012 21:00,103
07-06-2012 7:00,166
02-08-2011 16:00,341
14-04-2012 06:00,48
14-10-2011 15:00,356
03-02-2011 8:00,113
17-12-2011 02:00,15
09-03-2012 10:00,108
06-08-2012 13:00,307
07-05-2012 6:00,57
03-02-2011 14:00,88
01-01-2012 10:00,81
09-06-2011 22:00,182
12-08-2012 11:00,265
17-03-2011 01:00,16
15-03-2011 10:00,96
07-07-2012 10:00,261
06-10-2011 8:00,387
14-03-2011 10:00,112
15-03-2012 23:00,72
12-07-2011 9:00,275
08-12-2011 18:00,339
05-10-2012 5:00,26
15-05-2012 23:00,56
03-06-2011 14:00,303
15-01-2012 16:00,104
02-02-2012 4:00,3
14-08-2011 17:00,568
05-05-2012 12:00,377
12-02-2012 16:00,115
03-07-2011 4:00,6
06-06-2011 16:00,369
19-11-2011 06:00,51
13-02-2012 05:00,5
08-10-2012 10:00,164
05-11-2012 5:00,15
18-06-2011 20:00,308
08-01-2011 18:00,131
17-04-2012 11:00,206
14-07-2011 00:00,56
04-11-2012 8:00,296
04-11-2012 18:00,390
03-01-2012 7:00,53
02-11-2012 19:00,308
08-03-2012 4:00,5
02-05-2012 16:00,368
13-05-2012 04:00,8
14-09-2012 01:00,33
03-02-2011 19:00,123
11-08-2012 9:00,265
09-01-2011 7:00,36
12-01-2011 5:00,4
17-05-2012 14:00,303
17-08-2011 07:00,212
19-01-2012 16:00,131
16-11-2012 00:00,48
01-12-2012 9:00,128
10-05-2012 9:00,242
15-05-2012 21:00,124
04-11-2012 11:00,202
14-10-2011 03:00,9
09-07-2012 5:00,17
02-06-2011 17:00,617
06-07-2011 14:00,246
15-10-2012 04:00,9
12-08-2011 11:00,237
17-04-2011 16:00,285
08-01-2012 18:00,225
17-01-2012 23:00,47
10-11-2011 12:00,219
17-06-2012 15:00,305
04-05-2011 7:00,57
12-02-2012 23:00,32
05-05-2012 12:00,372
19-04-2011 22:00,108
17-05-2011 07:00,118
05-02-2012 15:00,121
18-04-2011 10:00,174
15-10-2011 23:00,124
13-11-2012 05:00,11
01-11-2012 10:00,123
08-09-2011 15:00,132
11-02-2012 14:00,90
04-11-2012 16:00,296
04-08-2011 13:00,300
05-11-2012 14:00,199
02-11-2012 15:00,228
03-04-2011 6:00,41
11-07-2012 10:00,210
05-09-2012 6:00,71
16-09-2011 14:00,278
10-11-2012 9:00,247
10-05-2012 5:00,19
19-03-2012 15:00,221
06-08-2011 16:00,230
16-04-2011 19:00,148
14-11-2012 11:00,170
08-04-2011 3:00,4
04-05-2012 15:00,330
09-10-2012 14:00,243
02-05-2012 1:00,27
07-07-2011 18:00,548
07-05-2011 21:00,237
14-02-2011 14:00,169
12-02-2012 22:00,47
09-03-2011 10:00,83
12-07-2011 8:00,405
01-04-2011 19:00,226
10-11-2011 1:00,24
14-07-2012 13:00,307
14-09-2011 08:00,331
11-07-2011 14:00,275
19-04-2012 20:00,238
10-06-2011 14:00,274
15-07-2011 04:00,9
08-06-2011 16:00,392
11-01-2011 0:00,15
09-09-2012 7:00,201
18-05-2012 13:00,347
16-12-2012 22:00,115
02-10-2012 0:00,57
01-10-2011 19:00,254
12-06-2012 20:00,201
12-02-2011 20:00,118
09-03-2012 6:00,43
15-05-2011 04:00,5
12-02-2012 14:00,65
16-09-2011 01:00,27
01-03-2012 19:00,252
16-07-2011 07:00,219
03-11-2011 4:00,6
12-05-2011 8:00,343
17-01-2011 21:00,33
16-10-2012 14:00,263
07-05-2012 12:00,261
12-12-2012 19:00,241
11-08-2012 16:00,437
18-01-2012 05:00,9
11-12-2011 16:00,205
15-05-2011 08:00,266
05-04-2012 2:00,14
05-08-2011 7:00,207
17-04-2011 09:00,187
07-12-2011 19:00,75
07-11-2012 18:00,311
15-07-2012 20:00,216
05-09-2012 2:00,17
11-12-2012 8:00,279
09-07-2011 21:00,238
07-12-2011 11:00,95
01-11-2012 16:00,313
17-03-2011 00:00,33
11-08-2012 4:00,8
02-01-2012 23:00,35
08-07-2012 1:00,34
16-03-2012 11:00,154
19-12-2012 18:00,368
19-08-2012 20:00,224
17-03-2011 10:00,138
04-03-2012 19:00,152
08-08-2011 3:00,9
04-12-2011 16:00,326
18-02-2012 11:00,132
09-08-2012 10:00,249
14-07-2011 06:00,83
17-01-2012 09:00,64
15-05-2012 16:00,366
15-12-2011 12:00,212
06-11-2011 23:00,71
06-02-2012 22:00,75
07-07-2012 9:00,343
19-11-2011 20:00,233
16-12-2011 10:00,188
16-10-2012 05:00,18
10-02-2012 13:00,135
06-06-2012 8:00,368
17-05-2012 01:00,28
19-12-2012 03:00,7
03-12-2011 10:00,184
10-01-2011 21:00,53
11-09-2011 4:00,8
19-06-2012 20:00,282
02-02-2011 22:00,64
11-05-2011 14:00,278
18-06-2011 15:00,328
05-06-2011 10:00,203
08-02-2012 18:00,103
15-07-2012 12:00,306
04-11-2012 19:00,294
02-08-2011 6:00,77
02-11-2012 3:00,8
14-05-2011 14:00,183
15-08-2011 18:00,471
06-08-2011 17:00,351
13-05-2012 16:00,434
15-01-2011 15:00,121
16-06-2011 05:00,26
17-10-2012 22:00,103
17-11-2011 08:00,188
17-07-2011 16:00,393
12-10-2011 15:00,113
13-08-2011 14:00,265
09-06-2012 4:00,11
09-08-2011 21:00,216
10-02-2011 4:00,2
10-04-2012 14:00,180
03-06-2011 7:00,239
12-11-2012 17:00,546
06-10-2012 10:00,251
16-11-2011 15:00,124
04-06-2011 4:00,10
13-06-2012 17:00,584
08-05-2011 12:00,326
05-06-2011 6:00,86
06-12-2012 8:00,232
01-02-2011 2:00,5
13-09-2012 02:00,20
01-10-2012 23:00,74
06-10-2011 14:00,297
14-06-2012 01:00,34
02-01-2012 5:00,8
18-04-2012 16:00,189
08-09-2012 17:00,327
03-04-2012 12:00,178
01-10-2011 2:00,18
13-04-2012 15:00,235
09-03-2011 13:00,100
10-05-2011 9:00,268
04-04-2012 6:00,56
15-02-2012 07:00,93
09-01-2012 4:00,2
03-03-2011 19:00,129
02-06-2011 22:00,182
10-01-2012 6:00,15
16-09-2012 21:00,229
17-01-2012 00:00,17
18-10-2011 06:00,65
19-10-2012 09:00,221
16-02-2011 16:00,204
07-04-2011 22:00,90
19-07-2012 18:00,537
10-03-2011 22:00,46
07-10-2011 13:00,354
06-11-2012 3:00,6
02-11-2011 19:00,275
15-03-2011 01:00,14
10-02-2012 1:00,15
02-03-2012 5:00,14
01-06-2011 2:00,18
07-05-2012 10:00,174
14-01-2011 05:00,6
04-04-2012 0:00,46
13-10-2011 22:00,152
12-07-2011 20:00,270
11-02-2012 22:00,46
15-05-2012 19:00,360
11-12-2011 17:00,314
19-06-2012 12:00,286
08-10-2012 20:00,133
01-03-2011 23:00,41
19-07-2012 14:00,271
14-07-2012 17:00,334
04-06-2011 19:00,416
15-06-2012 00:00,62
13-06-2012 11:00,225
08-04-2012 16:00,301
14-05-2012 10:00,100
19-07-2011 05:00,20
11-11-2012 19:00,370
19-06-2012 07:00,174
02-05-2012 14:00,258
15-07-2012 10:00,221
09-07-2012 8:00,299
01-07-2011 14:00,268
12-03-2012 16:00,278
19-02-2011 04:00,4
12-12-2011 21:00,122
16-08-2012 15:00,306
18-12-2011 06:00,47
12-12-2011 17:00,363
01-02-2011 18:00,155
08-02-2011 1:00,11
18-07-2012 16:00,331
08-06-2012 11:00,295
10-06-2012 22:00,175
02-07-2012 20:00,274
04-05-2012 22:00,155
09-08-2011 8:00,385
13-12-2012 12:00,244
02-06-2011 10:00,253
04-11-2012 20:00,184
03-12-2012 7:00,132
03-12-2012 3:00,8
13-05-2012 05:00,22
11-04-2012 2:00,10
11-04-2012 5:00,12
03-06-2012 14:00,288
05-12-2011 14:00,243
02-08-2012 12:00,319
04-10-2011 7:00,135
13-04-2012 03:00,8
08-06-2012 13:00,350
11-04-2011 20:00,211
19-11-2012 18:00,385
14-07-2012 22:00,152
19-02-2011 21:00,90
12-12-2011 12:00,199
06-07-2011 0:00,54
07-02-2012 16:00,201
03-07-2011 12:00,310
06-07-2011 10:00,124
13-09-2011 04:00,7
10-05-2012 0:00,36
12-01-2012 0:00,13
18-04-2011 22:00,130
15-05-2011 10:00,177
09-06-2011 4:00,8
07-01-2011 10:00,74
17-09-2012 19:00,340
12-03-2011 16:00,213
13-02-2012 22:00,70
12-06-2011 2:00,13
16-07-2012 23:00,102
11-11-2012 13:00,318
13-04-2011 20:00,162
07-03-2012 17:00,374
07-07-2011 7:00,157
05-03-2011 17:00,362
19-04-2012 19:00,336
12-06-2011 22:00,137
10-11-2011 11:00,193
04-06-2012 0:00,61
06-12-2011 18:00,220
12-08-2011 21:00,244
09-03-2012 22:00,83
04-05-2012 8:00,365
10-01-2011 3:00,2
04-09-2011 17:00,596
06-10-2012 3:00,12
17-04-2012 09:00,231
08-04-2012 10:00,158
08-10-2011 18:00,632
08-03-2011 7:00,71
19-09-2012 05:00,20
07-03-2011 16:00,161
04-02-2012 11:00,125
13-05-2011 08:00,295
14-09-2011 21:00,204
07-10-2012 10:00,181
17-11-2012 03:00,8
04-09-2011 7:00,203
07-06-2012 8:00,361
08-08-2011 2:00,15
03-07-2012 15:00,192
04-08-2011 21:00,187
03-04-2011 17:00,353
01-10-2012 9:00,289
05-08-2011 17:00,655
14-08-2012 05:00,15
05-12-2012 12:00,264
03-05-2012 5:00,15
18-02-2012 09:00,107
05-09-2012 14:00,289
07-12-2012 20:00,154
17-11-2011 08:00,210
07-02-2011 1:00,11
17-03-2011 19:00,240
12-09-2011 22:00,137
13-06-2011 16:00,392
19-02-2011 14:00,135
15-05-2011 12:00,267
15-04-2012 15:00,270
01-12-2012 22:00,110
04-08-2011 12:00,299
19-10-2012 15:00,324
13-06-2011 13:00,270
16-11-2011 20:00,100
14-12-2012 21:00,146
10-07-2012 17:00,580
03-01-2011 15:00,90
15-06-2012 04:00,8
09-02-2011 10:00,55
01-03-2011 22:00,64
11-02-2011 6:00,23
03-01-2012 4:00,2
01-03-2011 1:00,10
03-10-2011 4:00,5
02-09-2011 15:00,319
01-04-2012 6:00,46
14-05-2012 17:00,251
03-02-2012 13:00,166
05-10-2012 0:00,70
07-02-2012 13:00,162
13-05-2012 18:00,548
16-08-2012 14:00,239
09-02-2012 23:00,53
13-01-2011 06:00,21
10-10-2011 9:00,274
12-03-2012 19:00,269
15-04-2011 15:00,224
06-03-2011 3:00,5
15-01-2011 03:00,4
06-02-2011 3:00,5
04-05-2012 4:00,7
06-02-2012 20:00,133
10-03-2012 16:00,167
07-09-2011 5:00,13
14-12-2012 05:00,14
05-06-2011 22:00,142
03-01-2011 14:00,84
16-07-2011 01:00,33
12-03-2011 9:00,148
08-05-2011 7:00,171
09-11-2012 8:00,333
09-02-2012 2:00,7
02-10-2011 16:00,143
18-12-2011 09:00,166
04-08-2012 20:00,322
03-08-2012 23:00,107
19-03-2012 08:00,208
16-02-2012 14:00,72
06-08-2011 10:00,218
07-01-2011 13:00,88
14-11-2012 19:00,249
05-08-2011 5:00,23
16-10-2012 16:00,362
07-09-2012 11:00,299
06-11-2011 7:00,115
19-02-2011 23:00,48
04-04-2011 9:00,203
10-11-2011 4:00,5
16-10-2012 21:00,181
09-05-2011 22:00,157
02-02-2012 1:00,21
09-05-2011 14:00,285
11-09-2011 11:00,265
04-01-2012 23:00,32
18-06-2011 07:00,215
18-03-2011 09:00,201
12-09-2012 12:00,315
16-07-2012 04:00,8
05-05-2012 13:00,362
14-11-2011 16:00,407
11-06-2011 8:00,479
14-12-2011 02:00,12
10-07-2011 20:00,279
12-10-2012 9:00,319
01-04-2011 7:00,62
17-05-2011 14:00,189
03-01-2012 20:00,46
15-06-2011 09:00,287
19-02-2012 00:00,27
10-06-2012 9:00,310
17-05-2012 21:00,227
14-03-2012 09:00,199
12-05-2012 17:00,667
13-08-2011 08:00,443
10-04-2011 1:00,15
05-05-2011 1:00,21
15-09-2011 04:00,9
12-05-2012 1:00,33
07-12-2012 12:00,223
10-11-2012 14:00,291
14-01-2012 14:00,97
07-07-2011 13:00,278
18-01-2012 06:00,32
19-08-2011 18:00,496
14-04-2012 20:00,246
08-10-2011 2:00,20
01-07-2011 22:00,179
11-12-2012 3:00,5
08-02-2012 16:00,86
12-10-2012 4:00,7
13-10-2011 07:00,97
12-12-2011 13:00,195
18-05-2011 17:00,534
19-06-2012 15:00,286
08-01-2012 16:00,175
07-09-2011 0:00,35
09-02-2011 7:00,45
12-10-2012 18:00,472
09-01-2011 22:00,42
11-11-2011 2:00,16
12-06-2011 8:00,400
09-08-2012 7:00,173
11-06-2012 23:00,116
10-11-2012 6:00,42
10-02-2012 22:00,83
04-11-2012 10:00,182
04-08-2012 13:00,350
07-01-2011 22:00,52
08-10-2012 6:00,57
14-12-2011 08:00,215
14-06-2012 14:00,291
15-06-2012 14:00,308
01-08-2011 0:00,57
16-07-2011 03:00,11
02-07-2012 23:00,117
13-04-2012 00:00,43
12-05-2012 19:00,437
09-05-2011 5:00,17
06-01-2011 19:00,127
03-10-2012 5:00,17
17-07-2012 18:00,464
12-01-2011 15:00,74
01-04-2012 1:00,17
02-06-2011 6:00,94
10-12-2012 3:00,6
16-08-2011 00:00,56
19-12-2012 01:00,22
16-01-2012 18:00,168
01-09-2012 13:00,351
11-04-2012 12:00,154
12-07-2011 9:00,268
08-02-2011 14:00,79
19-12-2011 07:00,105
10-03-2011 16:00,90
06-12-2011 2:00,14
12-08-2011 5:00,27
15-09-2011 17:00,208
04-01-2011 16:00,137
07-11-2011 11:00,194
05-07-2011 0:00,56
04-03-2011 5:00,6
01-09-2012 11:00,308
05-05-2011 17:00,551
10-06-2012 10:00,243
12-05-2011 6:00,63
03-03-2012 20:00,171
05-10-2012 15:00,383
15-08-2011 19:00,355
11-06-2012 3:00,10
17-06-2012 13:00,301
01-02-2011 15:00,93
01-12-2012 1:00,21
06-03-2012 12:00,115
04-08-2011 23:00,109
11-03-2012 17:00,372
10-10-2012 9:00,287
10-07-2011 19:00,390
06-03-2012 18:00,233
14-04-2012 05:00,16
02-11-2012 17:00,467
07-04-2012 19:00,283
06-04-2012 23:00,78
10-07-2012 8:00,355
10-03-2011 10:00,50
05-08-2012 19:00,278
19-09-2012 20:00,255
03-10-2012 4:00,6
03-11-2011 10:00,166
10-02-2011 11:00,66
01-06-2012 22:00,91
15-02-2011 01:00,8
19-04-2012 15:00,247
18-05-2012 07:00,184
18-06-2012 06:00,38
14-06-2011 18:00,474
08-09-2012 18:00,302
03-06-2012 0:00,59
02-06-2012 23:00,125
15-09-2012 22:00,191
19-01-2012 09:00,73
14-01-2011 16:00,125
19-10-2012 21:00,213
18-05-2012 10:00,270
10-09-2011 2:00,14
19-11-2012 15:00,254
18-01-2012 01:00,13
13-12-2012 10:00,164
12-02-2012 16:00,107
04-09-2012 0:00,47
09-04-2011 21:00,96
04-03-2011 13:00,161
06-08-2012 10:00,205
10-09-2012 11:00,266
08-07-2012 21:00,200
18-06-2011 23:00,127
18-02-2012 10:00,93
09-11-2011 11:00,218
14-02-2011 08:00,193
15-02-2012 10:00,105
06-06-2012 15:00,262
12-09-2012 23:00,107
13-05-2012 15:00,332
19-07-2011 18:00,470
14-06-2012 18:00,567
18-09-2011 19:00,353
15-07-2011 08:00,417
17-06-2011 04:00,6
01-01-2011 2:00,7
15-03-2012 21:00,142
19-09-2011 01:00,28
07-10-2012 0:00,57
02-05-2011 11:00,209
01-05-2012 21:00,212
10-11-2012 12:00,326
03-04-2011 13:00,192
10-02-2011 14:00,80
19-03-2012 05:00,11
15-01-2011 04:00,2
17-04-2012 17:00,452
07-01-2011 7:00,74
07-11-2012 23:00,47
18-06-2011 10:00,261
10-06-2012 20:00,300
09-09-2012 15:00,322
11-10-2011 17:00,439
15-04-2012 12:00,278
11-12-2011 15:00,158
19-09-2011 12:00,290
06-02-2012 5:00,6
15-04-2012 02:00,17
18-06-2012 11:00,158
02-07-2012 6:00,86
09-04-2011 7:00,87
03-09-2012 23:00,85
14-09-2011 02:00,18
01-12-2011 19:00,299
12-05-2011 0:00,40
07-11-2012 2:00,12
10-10-2012 23:00,100
15-10-2011 07:00,191
10-07-2011 0:00,64
12-04-2011 8:00,115
04-05-2011 3:00,2
18-10-2011 05:00,17
04-11-2012 22:00,114
18-08-2011 10:00,224
03-08-2011 13:00,279
12-05-2011 21:00,177
02-09-2011 6:00,78
13-08-2012 21:00,202
15-07-2012 10:00,222
03-04-2011 17:00,347
14-05-2012 14:00,228
19-12-2012 11:00,206
09-04-2011 12:00,163
07-10-2012 21:00,136
02-07-2011 13:00,298
16-12-2012 03:00,7
08-02-2012 5:00,9
13-01-2011 10:00,56
18-04-2012 05:00,18
05-02-2012 12:00,118
11-02-2011 23:00,41
06-12-2011 11:00,92
08-10-2012 3:00,7
02-03-2012 22:00,82
15-03-2011 04:00,3
13-04-2012 01:00,21
09-09-2011 8:00,206
03-12-2011 1:00,23
09-04-2012 17:00,423
08-12-2012 22:00,111
13-12-2012 13:00,228
16-12-2012 19:00,215
16-02-2011 14:00,143
10-11-2011 10:00,145
16-01-2012 19:00,129
09-09-2012 5:00,20
19-01-2012 20:00,90
12-10-2011 19:00,163
19-08-2011 15:00,322
18-01-2011 13:00,64
06-07-2011 23:00,82
18-05-2011 09:00,144
01-06-2012 21:00,127
19-03-2012 01:00,16
12-03-2011 20:00,177
18-07-2011 12:00,301
10-11-2011 1:00,25
12-09-2012 7:00,199
01-05-2012 16:00,405
11-12-2011 17:00,305
11-03-2011 20:00,139
13-10-2011 10:00,98
05-07-2012 19:00,394
05-05-2011 14:00,251
18-06-2012 10:00,105
02-03-2011 18:00,254
13-05-2011 10:00,185
02-11-2011 8:00,250
18-11-2012 04:00,5
17-02-2011 13:00,208
19-01-2012 22:00,58
16-05-2012 13:00,299
15-11-2011 10:00,213
11-05-2012 1:00,32
02-01-2012 20:00,88
09-11-2012 9:00,219
19-03-2012 19:00,282
03-12-2011 8:00,264
03-10-2011 12:00,222
11-11-2012 18:00,532
07-11-2011 4:00,5
08-01-2011 14:00,73
14-01-2012 21:00,66
14-11-2011 20:00,295
08-02-2012 19:00,77
18-02-2012 01:00,17
06-08-2011 19:00,207
04-12-2011 11:00,162
11-04-2011 17:00,490
08-11-2012 9:00,200
15-12-2012 17:00,533
15-06-2011 21:00,217
09-03-2012 4:00,3
03-05-2012 9:00,202
14-04-2011 13:00,249
01-10-2012 19:00,357
04-08-2011 15:00,308
14-02-2012 09:00,112
16-11-2012 22:00,132
01-04-2011 21:00,128
03-12-2012 12:00,294
15-05-2012 20:00,170
17-09-2012 23:00,46
18-06-2011 17:00,652
09-09-2012 19:00,421
14-11-2011 06:00,66
16-08-2012 09:00,319
04-08-2011 19:00,325
06-09-2011 20:00,109
12-04-2012 15:00,205
07-01-2012 11:00,122
10-03-2011 12:00,72
15-12-2012 01:00,19
07-12-2011 12:00,109
10-04-2011 20:00,163
14-02-2011 06:00,42
08-03-2011 20:00,120
13-09-2011 14:00,284
07-02-2012 21:00,103
14-05-2012 04:00,7
09-05-2011 0:00,46
10-01-2011 6:00,18
15-05-2012 10:00,197
16-04-2012 14:00,248
15-01-2012 14:00,71
07-12-2012 3:00,6
09-05-2012 18:00,175
05-03-2011 23:00,60
17-09-2011 15:00,256
16-03-2011 21:00,113
15-11-2011 20:00,197
10-06-2011 23:00,118
13-01-2012 16:00,131
11-06-2011 2:00,21
19-10-2012 12:00,342
08-10-2012 12:00,238
06-11-2011 12:00,284
07-12-2011 21:00,48
08-10-2012 0:00,39
16-08-2011 19:00,376
17-11-2012 15:00,236
13-02-2012 18:00,212
10-12-2011 23:00,67
16-01-2012 23:00,24
10-11-2012 0:00,47
08-10-2012 11:00,197
16-08-2011 15:00,289
09-08-2011 19:00,370
10-05-2012 18:00,484
16-02-2012 15:00,95
04-12-2012 22:00,149
12-05-2011 4:00,6
07-07-2012 5:00,24
18-03-2012 11:00,118
01-07-2012 16:00,382
18-06-2012 03:00,8
10-07-2012 23:00,73
02-02-2011 19:00,138
07-12-2011 18:00,160
14-03-2011 06:00,35
18-09-2011 15:00,280
17-03-2012 06:00,35
06-10-2012 8:00,382
10-11-2011 10:00,144
08-06-2011 1:00,28
14-07-2011 08:00,407
01-08-2011 10:00,226
18-12-2012 00:00,37
09-02-2012 14:00,123
03-04-2011 19:00,244
03-06-2011 1:00,36
15-09-2011 22:00,132
01-01-2011 10:00,99
13-03-2011 21:00,97
05-03-2012 13:00,108
14-11-2011 02:00,17
02-09-2011 7:00,206
13-08-2011 18:00,479
14-10-2011 07:00,127
14-02-2012 02:00,7
05-05-2011 8:00,352
06-08-2012 5:00,20
06-09-2012 0:00,52
17-01-2011 10:00,55
07-04-2012 17:00,439
18-10-2012 18:00,481
05-11-2011 14:00,245
09-03-2012 7:00,126
04-08-2012 12:00,363
15-10-2012 08:00,386
07-09-2011 9:00,146
12-01-2011 13:00,84
13-10-2011 16:00,375
06-10-2012 16:00,416
09-09-2011 3:00,8
15-09-2012 03:00,12
07-04-2012 7:00,126
02-04-2012 4:00,3
01-06-2012 11:00,230
11-12-2012 22:00,112
04-11-2012 3:00,8
19-04-2012 22:00,139
14-08-2011 19:00,331
12-11-2011 3:00,8
15-09-2011 14:00,240
01-07-2012 13:00,298
11-11-2011 22:00,128
12-11-2012 8:00,290
06-12-2012 19:00,241
15-07-2012 18:00,254
05-05-2012 8:00,389
04-06-2012 15:00,295
13-01-2012 04:00,1
05-12-2012 13:00,280
11-06-2011 1:00,32
12-04-2012 3:00,6
10-09-2012 21:00,214
18-05-2011 07:00,149
02-03-2012 21:00,68
16-01-2012 15:00,89
12-08-2011 13:00,301
14-05-2012 13:00,255
16-11-2011 20:00,93
16-01-2012 04:00,2
17-02-2012 05:00,7
08-01-2012 17:00,266
14-08-2011 03:00,7
19-04-2012 09:00,208
17-07-2012 02:00,19
11-11-2011 19:00,281
17-09-2011 17:00,516
05-12-2011 3:00,7
01-02-2012 11:00,135
05-07-2011 9:00,284
06-11-2012 1:00,18
12-09-2012 16:00,396
14-03-2012 07:00,115
12-07-2011 19:00,376
15-05-2011 05:00,9
16-06-2012 17:00,654
03-04-2011 1:00,17
11-09-2011 14:00,292
06-05-2012 18:00,513
02-10-2011 14:00,117
01-06-2011 17:00,598
18-08-2012 04:00,9
12-01-2012 22:00,78
02-09-2011 2:00,15
06-04-2012 0:00,44
04-05-2011 8:00,101
14-03-2011 07:00,98
19-10-2011 08:00,207
15-04-2011 19:00,190
08-03-2012 13:00,180
07-08-2012 2:00,15
04-04-2011 3:00,6
02-12-2012 21:00,161
08-05-2012 3:00,9
02-06-2012 2:00,17
13-07-2011 08:00,432
11-09-2012 8:00,375
07-09-2012 0:00,54
13-11-2011 17:00,562
02-03-2011 3:00,3
03-02-2011 13:00,92
13-03-2012 23:00,83
03-05-2011 16:00,368
13-10-2011 04:00,6
06-09-2011 5:00,9
13-06-2012 09:00,192
07-03-2011 21:00,88
01-08-2011 7:00,213
10-05-2012 21:00,208
17-02-2011 06:00,39
15-08-2011 21:00,198
15-02-2011 00:00,24
02-01-2012 22:00,49
16-12-2012 01:00,16
04-05-2012 7:00,195
09-02-2012 4:00,2
10-09-2011 4:00,7
17-09-2011 12:00,281
19-11-2012 11:00,175
16-05-2011 16:00,203
03-05-2012 23:00,104
03-03-2011 22:00,57
17-03-2011 20:00,156
13-08-2011 20:00,216
04-02-2012 14:00,126
11-09-2011 13:00,326
02-06-2011 18:00,544
09-12-2011 17:00,464
03-01-2011 22:00,42
06-03-2011 10:00,65
12-07-2011 21:00,203
13-08-2011 22:00,119
17-06-2011 00:00,50
15-10-2011 20:00,305
10-05-2011 13:00,291
05-02-2012 23:00,44
16-06-2011 11:00,249
19-06-2011 01:00,33
15-04-2012 01:00,27
04-02-2011 15:00,136
10-01-2012 4:00,1
04-12-2012 3:00,7
01-09-2011 19:00,430
09-11-2011 22:00,119
10-10-2012 0:00,44
12-10-2012 22:00,151
02-07-2011 21:00,246
08-06-2011 23:00,103
09-03-2011 16:00,136
11-02-2012 1:00,9
05-02-2011 17:00,123
03-01-2011 0:00,18
11-08-2011 13:00,309
13-12-2011 14:00,207
19-12-2011 19:00,290
01-03-2011 3:00,3
16-08-2012 06:00,72
14-10-2012 02:00,17
04-05-2011 9:00,75
09-09-2012 21:00,231
09-05-2012 16:00,387
06-08-2011 0:00,57
08-09-2011 6:00,40
17-09-2011 04:00,8
02-02-2011 20:00,80
08-12-2011 13:00,197
12-04-2012 11:00,168
06-01-2012 3:00,4
13-11-2011 18:00,488
12-04-2012 16:00,266
13-05-2011 23:00,59
02-01-2011 4:00,3
11-01-2012 21:00,45
02-10-2012 1:00,28
03-08-2012 19:00,422
15-09-2012 18:00,584
12-05-2011 20:00,291
19-04-2011 11:00,174
11-03-2012 7:00,84
07-11-2012 22:00,74
11-05-2011 21:00,204
17-03-2011 18:00,322
11-02-2011 20:00,111
09-02-2011 16:00,108
07-10-2012 20:00,190
09-01-2011 13:00,77
13-04-2011 15:00,153
13-06-2011 12:00,314
07-06-2012 20:00,299
05-01-2012 21:00,81
05-09-2012 10:00,217
15-05-2012 15:00,284
17-08-2011 01:00,28
03-08-2012 3:00,11
19-05-2012 19:00,467
02-01-2011 2:00,5
16-01-2012 22:00,61
01-09-2012 10:00,274
16-06-2011 18:00,388
10-10-2012 13:00,300
13-01-2011 18:00,147
10-02-2011 8:00,102
10-05-2011 2:00,17
12-07-2011 7:00,221
15-04-2012 20:00,252
02-07-2011 22:00,196
04-07-2012 11:00,246
09-08-2011 2:00,19
09-10-2012 13:00,254
17-11-2012 20:00,218
06-09-2012 5:00,20
13-06-2011 04:00,8
05-09-2012 1:00,26
08-07-2011 13:00,291
04-10-2012 19:00,457
02-10-2011 6:00,52
18-06-2011 06:00,77
19-11-2011 23:00,100
09-04-2012 2:00,14
07-01-2012 4:00,4
01-05-2012 6:00,47
19-03-2011 12:00,196
06-04-2011 4:00,3
07-11-2012 12:00,193
19-06-2012 08:00,319
10-03-2011 5:00,4
12-03-2012 21:00,146
16-04-2012 03:00,9
17-12-2012 06:00,47
16-12-2011 18:00,380
16-10-2011 14:00,303
12-09-2012 22:00,163
15-03-2012 17:00,501
07-04-2011 7:00,109
11-11-2011 8:00,292
09-08-2011 10:00,216
09-07-2012 20:00,262
03-06-2011 9:00,319
12-01-2011 18:00,122
14-01-2011 00:00,16
14-08-2011 14:00,246
08-05-2012 11:00,208
09-11-2011 11:00,218
03-12-2012 21:00,154
10-08-2012 6:00,39
01-08-2012 1:00,25
09-06-2012 13:00,322
14-09-2011 22:00,167
04-07-2012 13:00,240
01-11-2012 12:00,169
01-10-2012 17:00,387
14-02-2012 20:00,135
13-01-2012 16:00,129
05-08-2011 16:00,431
16-05-2012 06:00,56
05-04-2012 20:00,194
10-10-2011 1:00,25
07-03-2011 17:00,253
02-09-2012 12:00,210
08-07-2011 4:00,8
15-06-2012 09:00,312
12-01-2011 7:00,55
14-08-2012 23:00,106
13-12-2012 17:00,423
14-12-2011 09:00,200
11-03-2012 21:00,128
06-12-2011 9:00,162
19-10-2012 23:00,91
18-09-2011 09:00,245
08-04-2012 22:00,130
04-01-2012 21:00,58
15-09-2011 11:00,264
15-05-2012 13:00,178
18-12-2012 22:00,128
19-06-2012 23:00,96
05-07-2011 12:00,288
07-08-2012 9:00,246
19-11-2012 22:00,125
16-09-2012 16:00,408
14-12-2011 16:00,290
01-04-2011 22:00,97
02-03-2012 2:00,11
16-04-2011 23:00,68
07-09-2012 21:00,225
09-07-2012 23:00,106
10-12-2011 0:00,38
10-01-2011 3:00,2
13-10-2011 19:00,328
05-01-2012 14:00,117
02-08-2011 1:00,28
16-03-2011 12:00,154
04-06-2011 23:00,127
15-11-2012 08:00,280
18-10-2011 01:00,23
03-10-2012 3:00,9
14-12-2012 06:00,40
14-09-2011 19:00,355
08-07-2012 9:00,309
02-03-2011 19:00,171
19-08-2012 14:00,163
16-03-2011 08:00,153
06-12-2011 7:00,128
05-01-2011 20:00,85
11-11-2011 21:00,156
14-11-2012 12:00,222
03-12-2012 11:00,215
19-03-2012 18:00,389
19-10-2011 15:00,111
15-09-2012 06:00,89
05-04-2011 12:00,122
05-10-2011 22:00,161
14-03-2011 22:00,83
17-05-2012 17:00,611
16-03-2012 20:00,156
07-06-2012 11:00,277
07-09-2011 22:00,74
08-01-2011 22:00,38
17-04-2011 03:00,8
18-05-2012 05:00,22
17-12-2011 03:00,8
01-10-2012 7:00,178
02-12-2012 15:00,271
19-12-2011 09:00,152
07-01-2012 0:00,33
16-12-2012 14:00,192
06-10-2012 22:00,170
13-02-2011 13:00,136
08-11-2011 6:00,48
19-06-2011 17:00,580
01-10-2012 7:00,174
07-08-2011 20:00,216
10-11-2011 23:00,88
03-07-2011 18:00,255
19-05-2012 16:00,421
17-11-2012 12:00,275
07-09-2012 22:00,177
16-04-2012 01:00,25
17-12-2012 10:00,144
03-08-2012 13:00,333
04-02-2012 12:00,141
16-01-2012 04:00,1
10-08-2011 3:00,12
05-12-2011 0:00,39
01-02-2012 19:00,254
08-02-2011 16:00,103
06-10-2012 0:00,59
17-12-2011 23:00,68
05-08-2012 14:00,291
17-06-2012 07:00,194
05-07-2011 17:00,541
08-06-2011 8:00,435
10-11-2011 5:00,12
13-06-2012 14:00,269
04-08-2012 15:00,341
05-09-2012 17:00,556
03-06-2011 11:00,280
12-09-2011 0:00,47
10-08-2012 17:00,650
03-07-2011 20:00,148
19-04-2012 08:00,243
12-07-2012 7:00,205
05-03-2012 0:00,23
14-09-2012 20:00,321
05-01-2012 4:00,2
02-04-2012 17:00,395
11-04-2011 4:00,4
04-09-2012 10:00,195
13-08-2012 14:00,251
15-01-2012 15:00,78
16-10-2011 10:00,244
17-12-2012 13:00,184
02-01-2011 17:00,251
10-10-2012 1:00,23
13-09-2012 07:00,209
03-06-2012 16:00,400
07-12-2012 18:00,420
06-04-2012 19:00,269
12-11-2011 15:00,306
06-10-2011 4:00,8
09-10-2012 23:00,92
12-04-2012 17:00,407
15-04-2011 13:00,255
10-09-2011 3:00,8
17-04-2012 14:00,216
18-07-2012 07:00,217
08-03-2011 16:00,167
03-01-2012 7:00,50
02-10-2012 23:00,82
15-01-2011 07:00,65
10-02-2012 11:00,116
17-03-2011 10:00,140
11-01-2011 17:00,110
03-04-2011 8:00,244
08-09-2011 4:00,6
02-02-2012 17:00,278
11-10-2011 3:00,8
06-08-2011 20:00,163
05-02-2011 0:00,24
09-06-2012 10:00,270
18-07-2011 13:00,297
15-04-2011 21:00,111
14-05-2011 13:00,127
11-05-2011 20:00,254
13-11-2011 03:00,9
07-10-2012 14:00,233
14-04-2012 09:00,224
17-01-2012 19:00,149
01-08-2011 11:00,239
11-02-2011 12:00,120
02-08-2012 5:00,18
10-12-2011 2:00,15
05-01-2011 19:00,118
01-06-2011 10:00,189
18-04-2011 15:00,238
15-03-2011 22:00,58
12-06-2012 15:00,125
04-04-2011 0:00,40
08-02-2011 3:00,2
14-06-2012 15:00,319
14-07-2011 10:00,245
16-02-2011 09:00,108
12-07-2012 18:00,531
08-09-2012 0:00,49
09-11-2011 4:00,5
18-09-2011 20:00,250
03-10-2012 20:00,300
11-04-2011 10:00,125
17-03-2012 04:00,4
12-07-2012 3:00,12
10-12-2012 10:00,124
10-11-2011 19:00,264
08-09-2012 3:00,9
08-09-2011 3:00,6
15-06-2011 15:00,239
04-06-2011 13:00,319
06-05-2011 12:00,325
16-10-2011 09:00,302
18-06-2011 11:00,286
15-05-2011 13:00,262
05-01-2012 11:00,105
05-08-2011 3:00,11
05-12-2012 10:00,188
02-03-2012 20:00,114
09-11-2012 17:00,542
15-03-2011 02:00,9
07-06-2012 21:00,227
09-06-2012 22:00,200
01-04-2011 12:00,175
17-06-2012 02:00,21
18-03-2012 11:00,123
03-01-2011 7:00,57
03-06-2012 22:00,170
04-05-2011 11:00,131
03-06-2012 10:00,239
10-07-2011 5:00,22
12-04-2011 2:00,17
01-08-2012 0:00,50
03-04-2012 2:00,12
03-05-2011 8:00,277
17-05-2011 13:00,166
19-11-2011 01:00,22
14-02-2011 11:00,151
05-06-2011 16:00,396
01-11-2011 6:00,48
09-06-2011 2:00,17
04-01-2012 18:00,112
09-05-2011 5:00,17
06-11-2012 4:00,4
04-12-2012 7:00,147
12-01-2012 21:00,116
18-04-2012 14:00,118
12-12-2012 22:00,111
01-08-2012 14:00,270
08-06-2012 20:00,305
05-09-2011 5:00,22
12-03-2012 15:00,206
11-11-2011 3:00,9
16-02-2012 00:00,24
11-12-2012 0:00,25
06-05-2011 11:00,258
18-08-2012 09:00,302
13-09-2012 09:00,317
16-09-2012 05:00,23
03-01-2012 18:00,93
03-04-2011 10:00,133
19-10-2011 17:00,250
07-08-2011 11:00,258
09-12-2011 2:00,14
15-09-2011 02:00,21
15-09-2012 23:00,127
07-03-2011 15:00,127
16-11-2011 15:00,127
02-02-2012 11:00,74
09-10-2011 9:00,274
07-11-2012 5:00,14
16-12-2011 05:00,26
14-01-2011 23:00,36
19-02-2011 09:00,140
17-03-2012 05:00,11
